income_D,performance,choice,n
10D,10D,No Access,1336
10D,10D,Private,9846
10D,10D,Public,17863
10D,1D,No Access,174
10D,1D,Private,708
10D,1D,Public,53
10D,2D,No Access,191
10D,2D,Private,1043
10D,2D,Public,74
10D,3D,No Access,184
10D,3D,Private,1449
10D,3D,Public,108
10D,4D,No Access,229
10D,4D,Private,2050
10D,4D,Public,177
10D,5D,No Access,263
10D,5D,Private,2820
10D,5D,Public,306
10D,6D,No Access,279
10D,6D,Private,3678
10D,6D,Public,488
10D,7D,No Access,354
10D,7D,Private,5095
10D,7D,Public,1060
10D,8D,No Access,452
10D,8D,Private,6940
10D,8D,Public,2233
10D,9D,No Access,624
10D,9D,Private,9459
10D,9D,Public,5650
1D,10D,No Access,47
1D,10D,Private,182
1D,10D,Public,520
1D,1D,No Access,9815
1D,1D,Private,4074
1D,1D,Public,654
1D,2D,No Access,6949
1D,2D,Private,3692
1D,2D,Public,749
1D,3D,No Access,4596
1D,3D,Private,3267
1D,3D,Public,774
1D,4D,No Access,3197
1D,4D,Private,2781
1D,4D,Public,899
1D,5D,No Access,2196
1D,5D,Private,2372
1D,5D,Public,1045
1D,6D,No Access,1296
1D,6D,Private,1804
1D,6D,Public,1016
1D,7D,No Access,737
1D,7D,Private,1349
1D,7D,Public,1120
1D,8D,No Access,320
1D,8D,Private,861
1D,8D,Public,1043
1D,9D,No Access,145
1D,9D,Private,528
1D,9D,Public,839
2D,10D,No Access,65
2D,10D,Private,274
2D,10D,Public,970
2D,1D,No Access,13218
2D,1D,Private,6224
2D,1D,Public,686
2D,2D,No Access,10024
2D,2D,Private,6557
2D,2D,Public,864
2D,3D,No Access,7459
2D,3D,Private,6369
2D,3D,Public,1117
2D,4D,No Access,5422
2D,4D,Private,6019
2D,4D,Public,1348
2D,5D,No Access,4063
2D,5D,Private,5517
2D,5D,Public,1838
2D,6D,No Access,2490
2D,6D,Private,4151
2D,6D,Public,2036
2D,7D,No Access,1568
2D,7D,Private,3220
2D,7D,Public,2219
2D,8D,No Access,783
2D,8D,Private,2219
2D,8D,Public,2292
2D,9D,No Access,255
2D,9D,Private,1052
2D,9D,Public,2038
3D,10D,No Access,121
3D,10D,Private,412
3D,10D,Public,1244
3D,1D,No Access,4170
3D,1D,Private,2954
3D,1D,Public,328
3D,2D,No Access,3744
3D,2D,Private,3746
3D,2D,Public,440
3D,3D,No Access,3207
3D,3D,Private,4127
3D,3D,Public,571
3D,4D,No Access,2842
3D,4D,Private,4179
3D,4D,Public,803
3D,5D,No Access,2312
3D,5D,Private,4327
3D,5D,Public,1147
3D,6D,No Access,1646
3D,6D,Private,3780
3D,6D,Public,1375
3D,7D,No Access,1205
3D,7D,Private,3244
3D,7D,Public,1733
3D,8D,No Access,700
3D,8D,Private,2358
3D,8D,Public,1972
3D,9D,No Access,340
3D,9D,Private,1320
3D,9D,Public,2021
4D,10D,No Access,200
4D,10D,Private,787
4D,10D,Public,1982
4D,1D,No Access,7106
4D,1D,Private,4538
4D,1D,Public,497
4D,2D,No Access,6087
4D,2D,Private,5605
4D,2D,Public,700
4D,3D,No Access,5064
4D,3D,Private,5982
4D,3D,Public,937
4D,4D,No Access,4117
4D,4D,Private,6363
4D,4D,Public,1154
4D,5D,No Access,3398
4D,5D,Private,6142
4D,5D,Public,1664
4D,6D,No Access,2413
4D,6D,Private,5461
4D,6D,Public,2015
4D,7D,No Access,1767
4D,7D,Private,4686
4D,7D,Public,2472
4D,8D,No Access,1133
4D,8D,Private,3640
4D,8D,Public,2840
4D,9D,No Access,569
4D,9D,Private,2196
4D,9D,Public,3051
5D,10D,No Access,257
5D,10D,Private,804
5D,10D,Public,1962
5D,1D,No Access,1890
5D,1D,Private,2132
5D,1D,Public,235
5D,2D,No Access,1916
5D,2D,Private,2918
5D,2D,Public,355
5D,3D,No Access,1779
5D,3D,Private,3390
5D,3D,Public,440
5D,4D,No Access,1723
5D,4D,Private,3766
5D,4D,Public,651
5D,5D,No Access,1651
5D,5D,Private,4049
5D,5D,Public,892
5D,6D,No Access,1275
5D,6D,Private,3865
5D,6D,Public,1229
5D,7D,No Access,1071
5D,7D,Private,3660
5D,7D,Public,1627
5D,8D,No Access,738
5D,8D,Private,2997
5D,8D,Public,2062
5D,9D,No Access,438
5D,9D,Private,2039
5D,9D,Public,2402
6D,10D,No Access,298
6D,10D,Private,1069
6D,10D,Public,2805
6D,1D,No Access,3084
6D,1D,Private,2866
6D,1D,Public,228
6D,2D,No Access,3007
6D,2D,Private,3750
6D,2D,Public,321
6D,3D,No Access,2682
6D,3D,Private,4549
6D,3D,Public,477
6D,4D,No Access,2407
6D,4D,Private,5070
6D,4D,Public,774
6D,5D,No Access,2238
6D,5D,Private,5417
6D,5D,Public,1053
6D,6D,No Access,1750
6D,6D,Private,5385
6D,6D,Public,1489
6D,7D,No Access,1352
6D,7D,Private,5128
6D,7D,Public,2071
6D,8D,No Access,943
6D,8D,Private,4249
6D,8D,Public,2711
6D,9D,No Access,504
6D,9D,Private,2864
6D,9D,Public,3337
7D,10D,No Access,520
7D,10D,Private,1896
7D,10D,Public,4557
7D,1D,No Access,1694
7D,1D,Private,2332
7D,1D,Public,196
7D,2D,No Access,1773
7D,2D,Private,3284
7D,2D,Public,320
7D,3D,No Access,1789
7D,3D,Private,4144
7D,3D,Public,471
7D,4D,No Access,1823
7D,4D,Private,4993
7D,4D,Public,675
7D,5D,No Access,1814
7D,5D,Private,5575
7D,5D,Public,1018
7D,6D,No Access,1559
7D,6D,Private,5842
7D,6D,Public,1430
7D,7D,No Access,1404
7D,7D,Private,5904
7D,7D,Public,2135
7D,8D,No Access,1028
7D,8D,Private,5401
7D,8D,Public,3127
7D,9D,No Access,740
7D,9D,Private,4242
7D,9D,Public,4449
8D,10D,No Access,553
8D,10D,Private,2290
8D,10D,Public,5397
8D,1D,No Access,969
8D,1D,Private,1531
8D,1D,Public,160
8D,2D,No Access,923
8D,2D,Private,2183
8D,2D,Public,222
8D,3D,No Access,1017
8D,3D,Private,2966
8D,3D,Public,342
8D,4D,No Access,1034
8D,4D,Private,3738
8D,4D,Public,475
8D,5D,No Access,1056
8D,5D,Private,4380
8D,5D,Public,772
8D,6D,No Access,989
8D,6D,Private,4771
8D,6D,Public,1134
8D,7D,No Access,962
8D,7D,Private,5173
8D,7D,Public,1767
8D,8D,No Access,791
8D,8D,Private,5153
8D,8D,Public,2787
8D,9D,No Access,639
8D,9D,Private,4351
8D,9D,Public,4292
9D,10D,No Access,1024
9D,10D,Private,4441
9D,10D,Public,10789
9D,1D,No Access,690
9D,1D,Private,1568
9D,1D,Public,130
9D,2D,No Access,834
9D,2D,Private,2435
9D,2D,Public,173
9D,3D,No Access,822
9D,3D,Private,3343
9D,3D,Public,287
9D,4D,No Access,830
9D,4D,Private,4284
9D,4D,Public,486
9D,5D,No Access,975
9D,5D,Private,5582
9D,5D,Public,777
9D,6D,No Access,954
9D,6D,Private,6536
9D,6D,Public,1171
9D,7D,No Access,941
9D,7D,Private,7481
9D,7D,Public,2058
9D,8D,No Access,900
9D,8D,Private,7904
9D,8D,Public,3664
9D,9D,No Access,822
9D,9D,Private,7718
9D,9D,Public,6846
