"FAIXA_RENDA","MORADORES_GRUPO","COD_MODALIDADE","N"
"F","3_4",1,8595
"L","3_4",0,981
"B","3_4",0,83750
"L","5_6",2,1212
"G","3_4",2,23008
"B","1_2",2,8564
"D","3_4",1,13503
"D","5_6",1,4612
"G","1_2",2,2173
"E","1_2",0,1360
"P","3_4",1,323
"M","3_4",0,1190
"K","3_4",0,1292
"C","7_mais",2,1064
"M","7_mais",0,35
"J","7_mais",0,58
"Q","1_2",0,84
"N","1_2",1,45
"Q","7_mais",0,21
"C","5_6",2,8337
"O","3_4",2,6291
"F","1_2",0,1132
"G","3_4",1,6176
"D","5_6",2,8110
"C","1_2",0,6363
"K","3_4",1,862
"L","3_4",2,4894
"G","5_6",2,5866
"O","5_6",2,1448
"Q","5_6",1,101
"G","5_6",1,1989
"Q","3_4",0,998
"J","1_2",2,636
"O","5_6",0,285
"N","5_6",1,196
"L","5_6",0,309
"O","5_6",1,146
"P","1_2",0,74
"L","1_2",1,38
"C","3_4",0,39127
"B","1_2",1,5923
"J","3_4",0,1800
"A","3_4",0,18505
"C","5_6",1,5638
"F","3_4",0,13818
"E","1_2",1,926
"A","3_4",1,4225
"B","5_6",2,10668
"D","7_mais",0,1869
"F","5_6",0,5661
"A","5_6",2,1683
"H","5_6",0,2107
"L","1_2",0,86
"K","5_6",2,1514
"D","7_mais",1,603
"D","7_mais",2,819
"F","7_mais",2,585
"A","1_2",2,1616
"G","1_2",0,764
"A","7_mais",0,2000
"F","7_mais",1,306
"P","1_2",2,418
"M","7_mais",2,111
"J","7_mais",1,39
"H","3_4",1,4175
"H","5_6",2,4697
"E","3_4",1,7771
"F","5_6",1,2664
"Q","7_mais",2,137
"G","1_2",1,513
"E","7_mais",0,767
"L","1_2",2,380
"N","3_4",0,1070
"H","1_2",0,443
"G","7_mais",1,215
"J","1_2",1,99
"O","7_mais",0,26
"N","7_mais",1,16
"M","1_2",1,40
"K","7_mais",1,24
"D","1_2",2,3970
"I","5_6",2,2885
"F","3_4",2,24816
"P","3_4",2,6295
"O","3_4",1,468
"G","5_6",0,3386
"E","1_2",2,2240
"H","3_4",0,5802
"O","3_4",0,966
"P","5_6",2,1658
"I","7_mais",1,71
"O","7_mais",1,18
"H","7_mais",1,119
"K","7_mais",2,93
"P","7_mais",1,14
"Q","7_mais",1,12
"G","3_4",0,9584
"B","3_4",2,32841
"B","3_4",1,23302
"J","3_4",1,1229
"I","1_2",0,270
"I","3_4",0,3153
"M","3_4",1,714
"E","5_6",2,5174
"C","7_mais",0,2936
"C","1_2",1,3099
"Q","5_6",0,369
"A","7_mais",2,332
"K","7_mais",0,48
"I","5_6",0,1181
"I","7_mais",2,216
"J","5_6",0,609
"M","1_2",0,91
"N","7_mais",0,39
"C","3_4",2,28136
"J","3_4",2,7856
"N","3_4",2,6762
"N","5_6",2,1689
"C","5_6",0,16459
"O","1_2",2,439
"Q","5_6",2,2530
"N","5_6",0,340
"L","5_6",1,188
"I","1_2",2,1078
"B","7_mais",2,1640
"P","5_6",1,104
"H","7_mais",2,361
"E","7_mais",1,283
"G","7_mais",2,441
"N","7_mais",2,103
"M","5_6",0,391
"M","5_6",1,220
"I","1_2",1,160
"O","1_2",0,78
"H","3_4",2,18953
"B","5_6",0,35277
"Q","3_4",2,8223
"F","1_2",1,726
"Q","1_2",2,531
"L","3_4",1,543
"I","3_4",2,12355
"B","7_mais",1,1612
"M","1_2",2,578
"P","5_6",0,271
"A","3_4",2,4859
"A","1_2",1,1354
"K","3_4",2,6349
"M","5_6",2,1669
"N","3_4",1,594
"L","7_mais",1,20
"K","5_6",1,270
"O","7_mais",2,83
"I","7_mais",0,129
"P","7_mais",0,21
"B","1_2",0,17121
"B","7_mais",0,7105
"E","3_4",2,19081
"C","1_2",2,5644
"N","1_2",2,505
"J","7_mais",2,135
"E","3_4",0,13851
"M","3_4",2,7063
"A","5_6",0,8395
"B","5_6",1,8784
"F","1_2",2,2600
"D","1_2",1,1831
"P","3_4",0,874
"H","1_2",2,1701
"A","7_mais",1,362
"Q","3_4",1,265
"H","7_mais",0,291
"K","1_2",1,58
"H","1_2",1,310
"J","1_2",0,153
"M","7_mais",1,27
"D","3_4",2,28871
"D","5_6",0,11375
"D","3_4",0,27929
"C","3_4",1,15789
"C","7_mais",1,879
"F","5_6",2,6532
"E","5_6",0,5691
"G","7_mais",0,412
"A","1_2",0,5445
"I","5_6",1,660
"J","5_6",1,394
"A","5_6",1,1697
"D","1_2",0,3291
"I","3_4",1,2179
"E","5_6",1,2445
"E","7_mais",2,481
"F","7_mais",0,759
"N","1_2",0,70
"H","5_6",1,1256
"Q","1_2",1,21
"J","5_6",2,1857
"P","7_mais",2,101
"L","7_mais",2,97
"K","5_6",0,425
"K","1_2",2,489
"O","1_2",1,28
"K","1_2",0,98
"L","7_mais",0,39
"P","1_2",1,31
