"FAIXA_RENDA","MORADORES_GRUPO","COD_PORTA","N"
"P","3_4",2,2228
"H","3_4",4,4842
"D","5_6",4,4347
"E","1_2",2,593
"Q","3_4",4,280
"F","3_4",2,6712
"N","3_4",4,745
"D","1_2",2,840
"H","3_4",0,7315
"G","5_6",0,6414
"B","5_6",3,2732
"I","5_6",2,1793
"P","5_6",2,779
"H","7_mais",1,104
"O","7_mais",1,16
"I","1_2",5,664
"A","5_6",3,104
"O","3_4",0,720
"K","1_2",5,435
"A","1_2",4,139
"O","3_4",1,368
"Q","5_6",4,164
"O","3_4",3,29
"K","7_mais",2,90
"Q","3_4",3,10
"I","7_mais",1,60
"P","7_mais",1,10
"Q","7_mais",4,20
"Q","7_mais",1,16
"O","1_2",3,3
"B","3_4",0,113004
"D","3_4",1,5318
"C","3_4",3,9018
"F","5_6",5,6887
"M","3_4",0,772
"E","3_4",3,4556
"C","7_mais",2,818
"G","3_4",2,6941
"L","3_4",0,1119
"E","1_2",0,1591
"D","5_6",5,9277
"F","1_2",5,1565
"D","5_6",1,2269
"E","1_2",5,1555
"K","5_6",5,2007
"A","3_4",4,579
"K","3_4",0,1783
"M","3_4",4,608
"C","5_6",3,3724
"O","5_6",5,1273
"N","7_mais",5,143
"B","1_2",2,1706
"L","5_6",2,915
"F","3_4",1,3962
"M","1_2",4,32
"K","5_6",4,605
"G","1_2",2,611
"M","7_mais",5,99
"Q","1_2",0,67
"C","7_mais",3,583
"J","7_mais",0,160
"P","3_4",1,219
"Q","7_mais",0,48
"M","5_6",3,39
"Q","1_2",4,23
"K","7_mais",4,50
"N","1_2",1,25
"M","7_mais",0,63
"N","7_mais",4,35
"O","5_6",3,37
"C","3_4",4,15868
"F","3_4",4,7915
"N","3_4",0,1022
"C","5_6",5,14261
"H","5_6",4,2083
"E","3_4",5,16238
"I","3_4",4,2930
"H","5_6",2,2251
"C","1_2",3,1434
"F","5_6",1,1604
"E","3_4",1,3554
"D","5_6",3,2653
"H","3_4",1,2656
"H","5_6",3,1139
"B","3_4",3,6645
"E","7_mais",0,2110
"N","3_4",5,4795
"N","5_6",3,54
"D","7_mais",4,648
"H","1_2",0,375
"D","7_mais",3,357
"G","1_2",1,220
"M","1_2",1,18
"J","1_2",5,359
"D","1_2",4,1110
"E","7_mais",5,869
"N","5_6",4,297
"Q","7_mais",2,135
"L","1_2",2,226
"E","7_mais",4,377
"A","3_4",3,230
"G","7_mais",1,138
"J","1_2",1,46
"H","1_2",3,71
"O","7_mais",0,44
"K","7_mais",1,36
"J","7_mais",3,40
"N","7_mais",1,16
"B","5_6",0,76079
"C","3_4",5,31568
"G","3_4",5,15632
"E","5_6",5,6325
"P","5_6",0,236
"I","3_4",5,9458
"I","3_4",2,5385
"B","1_2",3,1540
"H","3_4",2,6627
"B","5_6",4,6940
"K","3_4",2,3664
"D","7_mais",5,1514
"N","5_6",5,1513
"Q","3_4",2,4135
"I","5_6",3,571
"F","5_6",3,2019
"L","5_6",5,1321
"A","3_4",5,1266
"L","3_4",1,569
"H","7_mais",5,521
"Q","1_2",2,295
"I","7_mais",0,357
"B","7_mais",1,827
"P","1_2",5,192
"G","7_mais",5,650
"M","5_6",2,657
"K","5_6",1,389
"A","3_4",2,598
"M","1_2",2,149
"F","1_2",1,284
"P","7_mais",0,27
"L","1_2",5,279
"N","3_4",1,565
"I","1_2",4,190
"A","1_2",1,75
"O","5_6",4,196
"O","7_mais",2,73
"L","7_mais",1,30
"L","1_2",3,5
"F","5_6",4,3098
"G","5_6",1,1314
"Q","3_4",0,884
"D","3_4",5,22665
"F","3_4",3,4749
"C","7_mais",4,1244
"C","5_6",2,4239
"O","3_4",2,3028
"C","1_2",0,8123
"M","3_4",5,3013
"L","3_4",5,4081
"L","3_4",2,2776
"D","5_6",2,2933
"A","1_2",3,60
"F","3_4",5,18363
"G","3_4",1,3303
"H","3_4",3,2132
"C","7_mais",5,2699
"F","7_mais",4,401
"F","1_2",0,1124
"P","3_4",5,2916
"A","7_mais",5,231
"K","3_4",1,836
"L","3_4",3,147
"Q","5_6",1,118
"G","5_6",2,2305
"M","1_2",5,166
"E","7_mais",3,235
"G","1_2",4,414
"A","5_6",5,657
"O","5_6",2,1022
"L","5_6",0,531
"G","7_mais",4,273
"O","5_6",0,313
"O","7_mais",5,109
"O","5_6",1,145
"N","5_6",1,230
"J","1_2",2,231
"P","1_2",0,40
"I","7_mais",4,127
"L","1_2",4,61
"K","7_mais",3,39
"N","1_2",3,3
"O","7_mais",4,19
"P","1_2",4,14
"L","1_2",1,25
"P","7_mais",3,3
"N","1_2",4,46
"B","3_4",2,10373
"M","5_6",5,987
"D","3_4",3,6521
"B","3_4",4,14934
"B","3_4",1,8130
"I","3_4",0,3877
"H","3_4",5,13484
"I","5_6",0,2220
"G","3_4",0,11490
"G","1_2",5,1218
"E","5_6",2,2095
"C","1_2",1,1041
"C","7_mais",0,9679
"I","7_mais",5,337
"J","3_4",1,897
"J","5_6",0,1021
"L","5_6",3,99
"D","1_2",3,680
"I","1_2",0,232
"M","3_4",1,370
"P","7_mais",5,61
"H","1_2",4,264
"Q","1_2",5,424
"A","5_6",4,284
"Q","5_6",0,454
"N","1_2",5,304
"K","7_mais",0,157
"N","3_4",3,91
"A","7_mais",2,98
"I","7_mais",2,160
"M","1_2",0,47
"L","7_mais",4,33
"Q","5_6",3,4
"N","7_mais",0,61
"J","1_2",3,13
"B","7_mais",0,23647
"E","3_4",0,18491
"E","3_4",2,5480
"M","3_4",2,2265
"C","1_2",2,1280
"B","1_2",0,19825
"D","1_2",5,2528
"K","7_mais",5,182
"C","1_2",5,4756
"K","3_4",5,5890
"B","5_6",1,3922
"A","5_6",0,4841
"P","3_4",4,242
"L","3_4",4,894
"P","3_4",0,480
"K","1_2",1,63
"N","1_2",2,256
"M","5_6",4,226
"G","1_2",3,133
"O","3_4",4,540
"H","7_mais",0,744
"H","1_2",2,565
"K","5_6",3,208
"J","5_6",3,275
"F","1_2",4,551
"M","7_mais",1,17
"H","7_mais",3,146
"F","1_2",2,638
"Q","3_4",1,296
"D","1_2",1,559
"P","5_6",4,128
"A","7_mais",1,50
"J","7_mais",4,64
"F","7_mais",3,231
"I","7_mais",3,77
"J","1_2",0,86
"P","3_4",3,12
"H","1_2",1,129
"J","7_mais",2,94
"O","1_2",4,26
"M","1_2",3,3
"F","3_4",0,16719
"C","3_4",0,62049
"B","5_6",2,5818
"B","1_2",4,2928
"A","5_6",2,338
"F","5_6",0,9417
"J","3_4",0,1833
"G","3_4",3,3602
"A","3_4",0,6881
"O","3_4",5,3966
"Q","3_4",5,5914
"C","5_6",1,3563
"H","5_6",0,4244
"B","1_2",1,1560
"B","7_mais",5,3303
"D","7_mais",0,4374
"K","5_6",2,1201
"G","7_mais",3,222
"D","7_mais",2,432
"H","5_6",5,5070
"C","1_2",4,2164
"A","1_2",2,112
"Q","5_6",5,2239
"A","7_mais",0,1834
"B","7_mais",4,1371
"M","7_mais",2,74
"A","3_4",1,331
"F","7_mais",2,308
"G","5_6",3,1558
"J","3_4",3,350
"G","1_2",0,689
"H","7_mais",4,229
"P","1_2",2,167
"D","7_mais",1,325
"E","1_2",1,301
"L","7_mais",5,126
"K","3_4",3,289
"J","7_mais",1,50
"F","7_mais",1,177
"L","1_2",0,63
"E","1_2",3,337
"N","7_mais",3,10
"L","7_mais",3,23
"A","7_mais",3,26
"D","5_6",0,19357
"B","3_4",5,28547
"D","3_4",0,32908
"B","5_6",5,13672
"K","5_6",0,929
"E","5_6",4,3011
"G","5_6",5,5625
"C","5_6",4,7189
"E","5_6",3,1900
"E","5_6",1,1521
"I","5_6",5,3285
"D","3_4",2,7057
"D","1_2",0,3317
"I","5_6",1,704
"B","1_2",5,6014
"I","5_6",4,1228
"J","3_4",5,5177
"C","3_4",1,7974
"F","7_mais",0,1797
"K","1_2",2,312
"E","5_6",0,10588
"J","5_6",2,1108
"A","1_2",0,1450
"G","7_mais",0,1191
"H","1_2",5,1021
"F","5_6",2,2360
"I","3_4",1,1612
"P","5_6",5,950
"E","7_mais",2,286
"J","5_6",1,394
"J","1_2",4,79
"H","5_6",1,1141
"C","7_mais",1,636
"J","7_mais",5,189
"L","7_mais",0,90
"L","7_mais",2,65
"N","1_2",0,67
"K","1_2",0,120
"F","1_2",3,254
"A","5_6",1,175
"Q","1_2",1,19
"P","7_mais",2,60
"O","1_2",1,18
"I","1_2",3,24
"P","7_mais",4,11
"P","1_2",1,12
"K","1_2",3,7
"C","5_6",0,38751
"N","3_4",2,3627
"Q","5_6",2,1610
"K","3_4",4,1474
"E","3_4",4,7107
"I","3_4",3,995
"D","3_4",4,10738
"J","3_4",2,3135
"C","3_4",2,9431
"O","1_2",5,248
"J","3_4",4,1447
"G","3_4",4,6307
"J","5_6",5,1805
"B","7_mais",3,475
"G","5_6",4,2570
"F","7_mais",5,839
"L","5_6",4,371
"B","7_mais",2,1485
"Q","7_mais",5,193
"G","7_mais",2,219
"N","7_mais",2,80
"M","5_6",1,198
"O","1_2",2,188
"L","5_6",1,231
"J","5_6",4,586
"I","1_2",2,418
"E","1_2",4,643
"H","7_mais",2,216
"K","1_2",4,92
"N","5_6",2,1158
"M","5_6",0,351
"N","5_6",0,473
"A","1_2",5,278
"O","1_2",0,48
"E","7_mais",1,202
"P","5_6",1,97
"I","1_2",1,66
"M","3_4",3,62
"M","7_mais",4,22
"A","7_mais",4,72
"M","7_mais",3,10
"P","5_6",3,6
"Q","7_mais",3,5
